id,neighbors
1,1,2,41,42
41,41,1,2,42,81,82
81,81,41,42,82,121,122
121,121,81,82,122,161,162
2,2,1,3,41,42,43
42,42,1,2,3,41,43,81,82,83
82,82,41,42,43,81,83,121,122,123
122,122,81,82,83,121,123,161,162,163
3,3,2,4,42,43,44
43,43,2,3,4,42,44,82,83,84
83,83,42,43,44,82,84,122,123,124
123,123,82,83,84,122,124,162,163,164
4,4,3,5,43,44,45
44,44,3,4,5,43,45,83,84,85
84,84,43,44,45,83,85,123,124,125
124,124,83,84,85,123,125,163,164,165
85,85,44,45,46,84,86,124,125,126
5,5,4,6,44,45,46
45,45,4,5,6,44,46,84,85,86
125,125,84,85,86,124,126,164,165,166
161,161,121,122,162,201,202
201,201,161,162,202,241,242
241,241,201,202,242,281,282
281,281,241,242,282,321,322
162,162,121,122,123,161,163,201,202,203
202,202,161,162,163,201,203,241,242,243
242,242,201,202,203,241,243,281,282,283
282,282,241,242,243,281,283,321,322,323
163,163,122,123,124,162,164,202,203,204
203,203,162,163,164,202,204,242,243,244
243,243,202,203,204,242,244,282,283,284
283,283,242,243,244,282,284,322,323,324
164,164,123,124,125,163,165,203,204,205
204,204,163,164,165,203,205,243,244,245
244,244,203,204,205,243,245,283,284,285
284,284,243,244,245,283,285,323,324,325
165,165,124,125,126,164,166,204,205,206
205,205,164,165,166,204,206,244,245,246
245,245,204,205,206,244,246,284,285,286
285,285,244,245,246,284,286,324,325,326
6,6,5,7,45,46,47
46,46,5,6,7,45,47,85,86,87
86,86,45,46,47,85,87,125,126,127
126,126,85,86,87,125,127,165,166,167
7,7,6,8,46,47,48
47,47,6,7,8,46,48,86,87,88
87,87,46,47,48,86,88,126,127,128
127,127,86,87,88,126,128,166,167,168
8,8,7,9,47,48,49
48,48,7,8,9,47,49,87,88,89
88,88,47,48,49,87,89,127,128,129
128,128,87,88,89,127,129,167,168,169
9,9,8,10,48,49,50
49,49,8,9,10,48,50,88,89,90
89,89,48,49,50,88,90,128,129,130
129,129,88,89,90,128,130,168,169,170
130,130,89,90,91,129,131,169,170,171
90,90,49,50,51,89,91,129,130,131
10,10,9,11,49,50,51
50,50,9,10,11,49,51,89,90,91
166,166,125,126,127,165,167,205,206,207
206,206,165,166,167,205,207,245,246,247
246,246,205,206,207,245,247,285,286,287
286,286,245,246,247,285,287,325,326,327
167,167,126,127,128,166,168,206,207,208
207,207,166,167,168,206,208,246,247,248
247,247,206,207,208,246,248,286,287,288
287,287,246,247,248,286,288,326,327,328
168,168,127,128,129,167,169,207,208,209
208,208,167,168,169,207,209,247,248,249
248,248,207,208,209,247,249,287,288,289
288,288,247,248,249,287,289,327,328,329
169,169,128,129,130,168,170,208,209,210
209,209,168,169,170,208,210,248,249,250
249,249,208,209,210,248,250,288,289,290
289,289,248,249,250,288,290,328,329,330
290,290,249,250,251,289,291,329,330,331
170,170,129,130,131,169,171,209,210,211
210,210,169,170,171,209,211,249,250,251
250,250,209,210,211,249,251,289,290,291
321,321,281,282,322,361,362
361,361,321,322,362,401,402
401,401,361,362,402,441,442
441,441,401,402,442,481,482
322,322,281,282,283,321,323,361,362,363
362,362,321,322,323,361,363,401,402,403
402,402,361,362,363,401,403,441,442,443
442,442,401,402,403,441,443,481,482,483
323,323,282,283,284,322,324,362,363,364
363,363,322,323,324,362,364,402,403,404
403,403,362,363,364,402,404,442,443,444
443,443,402,403,404,442,444,482,483,484
324,324,283,284,285,323,325,363,364,365
364,364,323,324,325,363,365,403,404,405
404,404,363,364,365,403,405,443,444,445
444,444,403,404,405,443,445,483,484,485
325,325,284,285,286,324,326,364,365,366
365,365,324,325,326,364,366,404,405,406
405,405,364,365,366,404,406,444,445,446
445,445,404,405,406,444,446,484,485,486
481,481,441,442,482,521,522
521,521,481,482,522,561,562
561,561,521,522,562,601,602
482,482,441,442,443,481,483,521,522,523
522,522,481,482,483,521,523,561,562,563
562,562,521,522,523,561,563,601,602,603
483,483,442,443,444,482,484,522,523,524
523,523,482,483,484,522,524,562,563,564
563,563,522,523,524,562,564,602,603,604
484,484,443,444,445,483,485,523,524,525
524,524,483,484,485,523,525,563,564,565
564,564,523,524,525,563,565,603,604,605
485,485,444,445,446,484,486,524,525,526
565,565,524,525,526,564,566,604,605,606
525,525,484,485,486,524,526,564,565,566
326,326,285,286,287,325,327,365,366,367
366,366,325,326,327,365,367,405,406,407
406,406,365,366,367,405,407,445,446,447
446,446,405,406,407,445,447,485,486,487
327,327,286,287,288,326,328,366,367,368
367,367,326,327,328,366,368,406,407,408
407,407,366,367,368,406,408,446,447,448
447,447,406,407,408,446,448,486,487,488
328,328,287,288,289,327,329,367,368,369
368,368,327,328,329,367,369,407,408,409
408,408,367,368,369,407,409,447,448,449
448,448,407,408,409,447,449,487,488,489
329,329,288,289,290,328,330,368,369,370
369,369,328,329,330,368,370,408,409,410
409,409,368,369,370,408,410,448,449,450
449,449,408,409,410,448,450,488,489,490
450,450,409,410,411,449,451,489,490,491
330,330,289,290,291,329,331,369,370,371
370,370,329,330,331,369,371,409,410,411
410,410,369,370,371,409,411,449,450,451
486,486,445,446,447,485,487,525,526,527
526,526,485,486,487,525,527,565,566,567
566,566,525,526,527,565,567,605,606,607
487,487,446,447,448,486,488,526,527,528
527,527,486,487,488,526,528,566,567,568
567,567,526,527,528,566,568,606,607,608
488,488,447,448,449,487,489,527,528,529
528,528,487,488,489,527,529,567,568,569
568,568,527,528,529,567,569,607,608,609
489,489,448,449,450,488,490,528,529,530
529,529,488,489,490,528,530,568,569,570
569,569,528,529,530,568,570,608,609,610
530,530,489,490,491,529,531,569,570,571
490,490,449,450,451,489,491,529,530,531
570,570,529,530,531,569,571,609,610,611
11,11,10,12,50,51,52
51,51,10,11,12,50,52,90,91,92
91,91,50,51,52,90,92,130,131,132
131,131,90,91,92,130,132,170,171,172
12,12,11,13,51,52,53
52,52,11,12,13,51,53,91,92,93
92,92,51,52,53,91,93,131,132,133
132,132,91,92,93,131,133,171,172,173
13,13,12,14,52,53,54
53,53,12,13,14,52,54,92,93,94
93,93,52,53,54,92,94,132,133,134
133,133,92,93,94,132,134,172,173,174
14,14,13,15,53,54,55
54,54,13,14,15,53,55,93,94,95
94,94,53,54,55,93,95,133,134,135
134,134,93,94,95,133,135,173,174,175
15,15,14,16,54,55,56
55,55,14,15,16,54,56,94,95,96
95,95,54,55,56,94,96,134,135,136
135,135,94,95,96,134,136,174,175,176
171,171,130,131,132,170,172,210,211,212
211,211,170,171,172,210,212,250,251,252
251,251,210,211,212,250,252,290,291,292
291,291,250,251,252,290,292,330,331,332
172,172,131,132,133,171,173,211,212,213
212,212,171,172,173,211,213,251,252,253
252,252,211,212,213,251,253,291,292,293
292,292,251,252,253,291,293,331,332,333
173,173,132,133,134,172,174,212,213,214
213,213,172,173,174,212,214,252,253,254
253,253,212,213,214,252,254,292,293,294
293,293,252,253,254,292,294,332,333,334
174,174,133,134,135,173,175,213,214,215
214,214,173,174,175,213,215,253,254,255
254,254,213,214,215,253,255,293,294,295
294,294,253,254,255,293,295,333,334,335
175,175,134,135,136,174,176,214,215,216
215,215,174,175,176,214,216,254,255,256
255,255,214,215,216,254,256,294,295,296
295,295,254,255,256,294,296,334,335,336
16,16,15,17,55,56,57
56,56,15,16,17,55,57,95,96,97
96,96,55,56,57,95,97,135,136,137
136,136,95,96,97,135,137,175,176,177
17,17,16,18,56,57,58
57,57,16,17,18,56,58,96,97,98
97,97,56,57,58,96,98,136,137,138
137,137,96,97,98,136,138,176,177,178
18,18,17,19,57,58,59
58,58,17,18,19,57,59,97,98,99
98,98,57,58,59,97,99,137,138,139
138,138,97,98,99,137,139,177,178,179
99,99,58,59,60,98,100,138,139,140
19,19,18,20,58,59,60
59,59,18,19,20,58,60,98,99,100
139,139,98,99,100,138,140,178,179,180
20,20,19,21,59,60,61
60,60,19,20,21,59,61,99,100,101
100,100,59,60,61,99,101,139,140,141
140,140,99,100,101,139,141,179,180,181
176,176,135,136,137,175,177,215,216,217
216,216,175,176,177,215,217,255,256,257
256,256,215,216,217,255,257,295,296,297
296,296,255,256,257,295,297,335,336,337
177,177,136,137,138,176,178,216,217,218
217,217,176,177,178,216,218,256,257,258
257,257,216,217,218,256,258,296,297,298
297,297,256,257,258,296,298,336,337,338
178,178,137,138,139,177,179,217,218,219
218,218,177,178,179,217,219,257,258,259
258,258,217,218,219,257,259,297,298,299
298,298,257,258,259,297,299,337,338,339
179,179,138,139,140,178,180,218,219,220
219,219,178,179,180,218,220,258,259,260
259,259,218,219,220,258,260,298,299,300
299,299,258,259,260,298,300,338,339,340
180,180,139,140,141,179,181,219,220,221
220,220,179,180,181,219,221,259,260,261
260,260,219,220,221,259,261,299,300,301
300,300,259,260,261,299,301,339,340,341
331,331,290,291,292,330,332,370,371,372
371,371,330,331,332,370,372,410,411,412
411,411,370,371,372,410,412,450,451,452
451,451,410,411,412,450,452,490,491,492
332,332,291,292,293,331,333,371,372,373
372,372,331,332,333,371,373,411,412,413
412,412,371,372,373,411,413,451,452,453
452,452,411,412,413,451,453,491,492,493
333,333,292,293,294,332,334,372,373,374
373,373,332,333,334,372,374,412,413,414
413,413,372,373,374,412,414,452,453,454
453,453,412,413,414,452,454,492,493,494
334,334,293,294,295,333,335,373,374,375
374,374,333,334,335,373,375,413,414,415
414,414,373,374,375,413,415,453,454,455
454,454,413,414,415,453,455,493,494,495
335,335,294,295,296,334,336,374,375,376
375,375,334,335,336,374,376,414,415,416
415,415,374,375,376,414,416,454,455,456
455,455,414,415,416,454,456,494,495,496
491,491,450,451,452,490,492,530,531,532
531,531,490,491,492,530,532,570,571,572
571,571,530,531,532,570,572,610,611,612
492,492,451,452,453,491,493,531,532,533
532,532,491,492,493,531,533,571,572,573
572,572,531,532,533,571,573,611,612,613
493,493,452,453,454,492,494,532,533,534
533,533,492,493,494,532,534,572,573,574
573,573,532,533,534,572,574,612,613,614
494,494,453,454,455,493,495,533,534,535
534,534,493,494,495,533,535,573,574,575
574,574,533,534,535,573,575,613,614,615
495,495,454,455,456,494,496,534,535,536
535,535,494,495,496,534,536,574,575,576
575,575,534,535,536,574,576,614,615,616
336,336,295,296,297,335,337,375,376,377
376,376,335,336,337,375,377,415,416,417
416,416,375,376,377,415,417,455,456,457
456,456,415,416,417,455,457,495,496,497
337,337,296,297,298,336,338,376,377,378
377,377,336,337,338,376,378,416,417,418
417,417,376,377,378,416,418,456,457,458
457,457,416,417,418,456,458,496,497,498
338,338,297,298,299,337,339,377,378,379
378,378,337,338,339,377,379,417,418,419
418,418,377,378,379,417,419,457,458,459
458,458,417,418,419,457,459,497,498,499
339,339,298,299,300,338,340,378,379,380
379,379,338,339,340,378,380,418,419,420
419,419,378,379,380,418,420,458,459,460
459,459,418,419,420,458,460,498,499,500
340,340,299,300,301,339,341,379,380,381
380,380,339,340,341,379,381,419,420,421
420,420,379,380,381,419,421,459,460,461
460,460,419,420,421,459,461,499,500,501
496,496,455,456,457,495,497,535,536,537
536,536,495,496,497,535,537,575,576,577
576,576,535,536,537,575,577,615,616,617
497,497,456,457,458,496,498,536,537,538
577,577,536,537,538,576,578,616,617,618
537,537,496,497,498,536,538,576,577,578
498,498,457,458,459,497,499,537,538,539
538,538,497,498,499,537,539,577,578,579
578,578,537,538,539,577,579,617,618,619
499,499,458,459,460,498,500,538,539,540
539,539,498,499,500,538,540,578,579,580
579,579,538,539,540,578,580,618,619,620
500,500,459,460,461,499,501,539,540,541
540,540,499,500,501,539,541,579,580,581
580,580,539,540,541,579,581,619,620,621
601,601,561,562,602,641,642
641,641,601,602,642,681,682
681,681,641,642,682,721,722
602,602,561,562,563,601,603,641,642,643
642,642,601,602,603,641,643,681,682,683
682,682,641,642,643,681,683,721,722,723
603,603,562,563,564,602,604,642,643,644
643,643,602,603,604,642,644,682,683,684
683,683,642,643,644,682,684,722,723,724
604,604,563,564,565,603,605,643,644,645
644,644,603,604,605,643,645,683,684,685
684,684,643,644,645,683,685,723,724,725
605,605,564,565,566,604,606,644,645,646
645,645,604,605,606,644,646,684,685,686
685,685,644,645,646,684,686,724,725,726
721,721,681,682,722,761,762
761,761,721,722,762,801,802
801,801,761,762,802,841,842
841,841,801,802,842,881,882
722,722,681,682,683,721,723,761,762,763
762,762,721,722,723,761,763,801,802,803
802,802,761,762,763,801,803,841,842,843
842,842,801,802,803,841,843,881,882,883
723,723,682,683,684,722,724,762,763,764
763,763,722,723,724,762,764,802,803,804
803,803,762,763,764,802,804,842,843,844
843,843,802,803,804,842,844,882,883,884
724,724,683,684,685,723,725,763,764,765
764,764,723,724,725,763,765,803,804,805
804,804,763,764,765,803,805,843,844,845
844,844,803,804,805,843,845,883,884,885
725,725,684,685,686,724,726,764,765,766
765,765,724,725,726,764,766,804,805,806
805,805,764,765,766,804,806,844,845,846
845,845,804,805,806,844,846,884,885,886
606,606,565,566,567,605,607,645,646,647
646,646,605,606,607,645,647,685,686,687
686,686,645,646,647,685,687,725,726,727
607,607,566,567,568,606,608,646,647,648
647,647,606,607,608,646,648,686,687,688
687,687,646,647,648,686,688,726,727,728
608,608,567,568,569,607,609,647,648,649
648,648,607,608,609,647,649,687,688,689
688,688,647,648,649,687,689,727,728,729
609,609,568,569,570,608,610,648,649,650
649,649,608,609,610,648,650,688,689,690
689,689,648,649,650,688,690,728,729,730
690,690,649,650,651,689,691,729,730,731
610,610,569,570,571,609,611,649,650,651
650,650,609,610,611,649,651,689,690,691
726,726,685,686,687,725,727,765,766,767
766,766,725,726,727,765,767,805,806,807
806,806,765,766,767,805,807,845,846,847
846,846,805,806,807,845,847,885,886,887
727,727,686,687,688,726,728,766,767,768
767,767,726,727,728,766,768,806,807,808
807,807,766,767,768,806,808,846,847,848
847,847,806,807,808,846,848,886,887,888
728,728,687,688,689,727,729,767,768,769
768,768,727,728,729,767,769,807,808,809
808,808,767,768,769,807,809,847,848,849
848,848,807,808,809,847,849,887,888,889
729,729,688,689,690,728,730,768,769,770
769,769,728,729,730,768,770,808,809,810
809,809,768,769,770,808,810,848,849,850
849,849,808,809,810,848,850,888,889,890
850,850,809,810,811,849,851,889,890,891
730,730,689,690,691,729,731,769,770,771
770,770,729,730,731,769,771,809,810,811
810,810,769,770,771,809,811,849,850,851
881,881,841,842,882,921,922
921,921,881,882,922,961,962
961,961,921,922,962,1001,1002
1001,1001,961,962,1002,1041,1042
882,882,841,842,843,881,883,921,922,923
922,922,881,882,883,921,923,961,962,963
962,962,921,922,923,961,963,1001,1002,1003
1002,1002,961,962,963,1001,1003,1041,1042,1043
883,883,842,843,844,882,884,922,923,924
923,923,882,883,884,922,924,962,963,964
963,963,922,923,924,962,964,1002,1003,1004
1003,1003,962,963,964,1002,1004,1042,1043,1044
884,884,843,844,845,883,885,923,924,925
924,924,883,884,885,923,925,963,964,965
964,964,923,924,925,963,965,1003,1004,1005
1004,1004,963,964,965,1003,1005,1043,1044,1045
885,885,844,845,846,884,886,924,925,926
925,925,884,885,886,924,926,964,965,966
965,965,924,925,926,964,966,1004,1005,1006
1005,1005,964,965,966,1004,1006,1044,1045,1046
1041,1041,1001,1002,1042,1081,1082
1081,1081,1041,1042,1082,1121,1122
1121,1121,1081,1082,1122,1161,1162
1161,1161,1121,1122,1162
1042,1042,1001,1002,1003,1041,1043,1081,1082,1083
1082,1082,1041,1042,1043,1081,1083,1121,1122,1123
1122,1122,1081,1082,1083,1121,1123,1161,1162,1163
1162,1162,1121,1122,1123,1161,1163
1043,1043,1002,1003,1004,1042,1044,1082,1083,1084
1083,1083,1042,1043,1044,1082,1084,1122,1123,1124
1123,1123,1082,1083,1084,1122,1124,1162,1163,1164
1163,1163,1122,1123,1124,1162,1164
1044,1044,1003,1004,1005,1043,1045,1083,1084,1085
1084,1084,1043,1044,1045,1083,1085,1123,1124,1125
1124,1124,1083,1084,1085,1123,1125,1163,1164,1165
1164,1164,1123,1124,1125,1163,1165
1085,1085,1044,1045,1046,1084,1086,1124,1125,1126
1125,1125,1084,1085,1086,1124,1126,1164,1165,1166
1165,1165,1124,1125,1126,1164,1166
1045,1045,1004,1005,1006,1044,1046,1084,1085,1086
886,886,845,846,847,885,887,925,926,927
926,926,885,886,887,925,927,965,966,967
966,966,925,926,927,965,967,1005,1006,1007
1006,1006,965,966,967,1005,1007,1045,1046,1047
887,887,846,847,848,886,888,926,927,928
927,927,886,887,888,926,928,966,967,968
967,967,926,927,928,966,968,1006,1007,1008
1007,1007,966,967,968,1006,1008,1046,1047,1048
888,888,847,848,849,887,889,927,928,929
928,928,887,888,889,927,929,967,968,969
968,968,927,928,929,967,969,1007,1008,1009
1008,1008,967,968,969,1007,1009,1047,1048,1049
889,889,848,849,850,888,890,928,929,930
929,929,888,889,890,928,930,968,969,970
969,969,928,929,930,968,970,1008,1009,1010
1009,1009,968,969,970,1008,1010,1048,1049,1050
890,890,849,850,851,889,891,929,930,931
930,930,889,890,891,929,931,969,970,971
970,970,929,930,931,969,971,1009,1010,1011
1010,1010,969,970,971,1009,1011,1049,1050,1051
1046,1046,1005,1006,1007,1045,1047,1085,1086,1087
1086,1086,1045,1046,1047,1085,1087,1125,1126,1127
1126,1126,1085,1086,1087,1125,1127,1165,1166,1167
1166,1166,1125,1126,1127,1165,1167
1047,1047,1006,1007,1008,1046,1048,1086,1087,1088
1087,1087,1046,1047,1048,1086,1088,1126,1127,1128
1127,1127,1086,1087,1088,1126,1128,1166,1167,1168
1167,1167,1126,1127,1128,1166,1168
1048,1048,1007,1008,1009,1047,1049,1087,1088,1089
1088,1088,1047,1048,1049,1087,1089,1127,1128,1129
1128,1128,1087,1088,1089,1127,1129,1167,1168,1169
1168,1168,1127,1128,1129,1167,1169
1049,1049,1008,1009,1010,1048,1050,1088,1089,1090
1089,1089,1048,1049,1050,1088,1090,1128,1129,1130
1129,1129,1088,1089,1090,1128,1130,1168,1169,1170
1169,1169,1128,1129,1130,1168,1170
1050,1050,1009,1010,1011,1049,1051,1089,1090,1091
1090,1090,1049,1050,1051,1089,1091,1129,1130,1131
1130,1130,1089,1090,1091,1129,1131,1169,1170,1171
1170,1170,1129,1130,1131,1169,1171
611,611,570,571,572,610,612,650,651,652
651,651,610,611,612,650,652,690,691,692
691,691,650,651,652,690,692,730,731,732
612,612,571,572,573,611,613,651,652,653
652,652,611,612,613,651,653,691,692,693
692,692,651,652,653,691,693,731,732,733
613,613,572,573,574,612,614,652,653,654
653,653,612,613,614,652,654,692,693,694
693,693,652,653,654,692,694,732,733,734
614,614,573,574,575,613,615,653,654,655
654,654,613,614,615,653,655,693,694,695
694,694,653,654,655,693,695,733,734,735
615,615,574,575,576,614,616,654,655,656
655,655,614,615,616,654,656,694,695,696
695,695,654,655,656,694,696,734,735,736
731,731,690,691,692,730,732,770,771,772
771,771,730,731,732,770,772,810,811,812
811,811,770,771,772,810,812,850,851,852
851,851,810,811,812,850,852,890,891,892
732,732,691,692,693,731,733,771,772,773
772,772,731,732,733,771,773,811,812,813
812,812,771,772,773,811,813,851,852,853
852,852,811,812,813,851,853,891,892,893
733,733,692,693,694,732,734,772,773,774
773,773,732,733,734,772,774,812,813,814
813,813,772,773,774,812,814,852,853,854
853,853,812,813,814,852,854,892,893,894
734,734,693,694,695,733,735,773,774,775
774,774,733,734,735,773,775,813,814,815
814,814,773,774,775,813,815,853,854,855
854,854,813,814,815,853,855,893,894,895
735,735,694,695,696,734,736,774,775,776
775,775,734,735,736,774,776,814,815,816
815,815,774,775,776,814,816,854,855,856
855,855,814,815,816,854,856,894,895,896
616,616,575,576,577,615,617,655,656,657
656,656,615,616,617,655,657,695,696,697
696,696,655,656,657,695,697,735,736,737
617,617,576,577,578,616,618,656,657,658
657,657,616,617,618,656,658,696,697,698
697,697,656,657,658,696,698,736,737,738
618,618,577,578,579,617,619,657,658,659
658,658,617,618,619,657,659,697,698,699
698,698,657,658,659,697,699,737,738,739
619,619,578,579,580,618,620,658,659,660
659,659,618,619,620,658,660,698,699,700
699,699,658,659,660,698,700,738,739,740
620,620,579,580,581,619,621,659,660,661
660,660,619,620,621,659,661,699,700,701
700,700,659,660,661,699,701,739,740,741
736,736,695,696,697,735,737,775,776,777
776,776,735,736,737,775,777,815,816,817
816,816,775,776,777,815,817,855,856,857
856,856,815,816,817,855,857,895,896,897
737,737,696,697,698,736,738,776,777,778
777,777,736,737,738,776,778,816,817,818
817,817,776,777,778,816,818,856,857,858
857,857,816,817,818,856,858,896,897,898
738,738,697,698,699,737,739,777,778,779
778,778,737,738,739,777,779,817,818,819
818,818,777,778,779,817,819,857,858,859
858,858,817,818,819,857,859,897,898,899
739,739,698,699,700,738,740,778,779,780
779,779,738,739,740,778,780,818,819,820
819,819,778,779,780,818,820,858,859,860
859,859,818,819,820,858,860,898,899,900
740,740,699,700,701,739,741,779,780,781
780,780,739,740,741,779,781,819,820,821
820,820,779,780,781,819,821,859,860,861
860,860,819,820,821,859,861,899,900,901
891,891,850,851,852,890,892,930,931,932
931,931,890,891,892,930,932,970,971,972
971,971,930,931,932,970,972,1010,1011,1012
1011,1011,970,971,972,1010,1012,1050,1051,1052
892,892,851,852,853,891,893,931,932,933
932,932,891,892,893,931,933,971,972,973
972,972,931,932,933,971,973,1011,1012,1013
1012,1012,971,972,973,1011,1013,1051,1052,1053
893,893,852,853,854,892,894,932,933,934
933,933,892,893,894,932,934,972,973,974
973,973,932,933,934,972,974,1012,1013,1014
1013,1013,972,973,974,1012,1014,1052,1053,1054
894,894,853,854,855,893,895,933,934,935
934,934,893,894,895,933,935,973,974,975
974,974,933,934,935,973,975,1013,1014,1015
1014,1014,973,974,975,1013,1015,1053,1054,1055
895,895,854,855,856,894,896,934,935,936
935,935,894,895,896,934,936,974,975,976
975,975,934,935,936,974,976,1014,1015,1016
1015,1015,974,975,976,1014,1016,1054,1055,1056
1051,1051,1010,1011,1012,1050,1052,1090,1091,1092
1091,1091,1050,1051,1052,1090,1092,1130,1131,1132
1131,1131,1090,1091,1092,1130,1132,1170,1171,1172
1171,1171,1130,1131,1132,1170,1172
1052,1052,1011,1012,1013,1051,1053,1091,1092,1093
1092,1092,1051,1052,1053,1091,1093,1131,1132,1133
1132,1132,1091,1092,1093,1131,1133,1171,1172,1173
1172,1172,1131,1132,1133,1171,1173
1053,1053,1012,1013,1014,1052,1054,1092,1093,1094
1093,1093,1052,1053,1054,1092,1094,1132,1133,1134
1133,1133,1092,1093,1094,1132,1134,1172,1173,1174
1173,1173,1132,1133,1134,1172,1174
1054,1054,1013,1014,1015,1053,1055,1093,1094,1095
1094,1094,1053,1054,1055,1093,1095,1133,1134,1135
1134,1134,1093,1094,1095,1133,1135,1173,1174,1175
1174,1174,1133,1134,1135,1173,1175
1055,1055,1014,1015,1016,1054,1056,1094,1095,1096
1095,1095,1054,1055,1056,1094,1096,1134,1135,1136
1135,1135,1094,1095,1096,1134,1136,1174,1175,1176
1175,1175,1134,1135,1136,1174,1176
896,896,855,856,857,895,897,935,936,937
936,936,895,896,897,935,937,975,976,977
976,976,935,936,937,975,977,1015,1016,1017
1016,1016,975,976,977,1015,1017,1055,1056,1057
897,897,856,857,858,896,898,936,937,938
937,937,896,897,898,936,938,976,977,978
977,977,936,937,938,976,978,1016,1017,1018
1017,1017,976,977,978,1016,1018,1056,1057,1058
898,898,857,858,859,897,899,937,938,939
938,938,897,898,899,937,939,977,978,979
978,978,937,938,939,977,979,1017,1018,1019
1018,1018,977,978,979,1017,1019,1057,1058,1059
899,899,858,859,860,898,900,938,939,940
939,939,898,899,900,938,940,978,979,980
979,979,938,939,940,978,980,1018,1019,1020
1019,1019,978,979,980,1018,1020,1058,1059,1060
900,900,859,860,861,899,901,939,940,941
940,940,899,900,901,939,941,979,980,981
980,980,939,940,941,979,981,1019,1020,1021
1020,1020,979,980,981,1019,1021,1059,1060,1061
1056,1056,1015,1016,1017,1055,1057,1095,1096,1097
1096,1096,1055,1056,1057,1095,1097,1135,1136,1137
1136,1136,1095,1096,1097,1135,1137,1175,1176,1177
1176,1176,1135,1136,1137,1175,1177
1097,1097,1056,1057,1058,1096,1098,1136,1137,1138
1137,1137,1096,1097,1098,1136,1138,1176,1177,1178
1177,1177,1136,1137,1138,1176,1178
1057,1057,1016,1017,1018,1056,1058,1096,1097,1098
1058,1058,1017,1018,1019,1057,1059,1097,1098,1099
1098,1098,1057,1058,1059,1097,1099,1137,1138,1139
1138,1138,1097,1098,1099,1137,1139,1177,1178,1179
1178,1178,1137,1138,1139,1177,1179
1059,1059,1018,1019,1020,1058,1060,1098,1099,1100
1099,1099,1058,1059,1060,1098,1100,1138,1139,1140
1139,1139,1098,1099,1100,1138,1140,1178,1179,1180
1179,1179,1138,1139,1140,1178,1180
1060,1060,1019,1020,1021,1059,1061,1099,1100,1101
1100,1100,1059,1060,1061,1099,1101,1139,1140,1141
1140,1140,1099,1100,1101,1139,1141,1179,1180,1181
1180,1180,1139,1140,1141,1179,1181
21,21,20,22,60,61,62
61,61,20,21,22,60,62,100,101,102
101,101,60,61,62,100,102,140,141,142
141,141,100,101,102,140,142,180,181,182
22,22,21,23,61,62,63
62,62,21,22,23,61,63,101,102,103
102,102,61,62,63,101,103,141,142,143
142,142,101,102,103,141,143,181,182,183
23,23,22,24,62,63,64
63,63,22,23,24,62,64,102,103,104
103,103,62,63,64,102,104,142,143,144
143,143,102,103,104,142,144,182,183,184
24,24,23,25,63,64,65
64,64,23,24,25,63,65,103,104,105
104,104,63,64,65,103,105,143,144,145
144,144,103,104,105,143,145,183,184,185
25,25,24,26,64,65,66
65,65,24,25,26,64,66,104,105,106
105,105,64,65,66,104,106,144,145,146
145,145,104,105,106,144,146,184,185,186
181,181,140,141,142,180,182,220,221,222
221,221,180,181,182,220,222,260,261,262
261,261,220,221,222,260,262,300,301,302
301,301,260,261,262,300,302,340,341,342
182,182,141,142,143,181,183,221,222,223
222,222,181,182,183,221,223,261,262,263
262,262,221,222,223,261,263,301,302,303
302,302,261,262,263,301,303,341,342,343
183,183,142,143,144,182,184,222,223,224
223,223,182,183,184,222,224,262,263,264
263,263,222,223,224,262,264,302,303,304
303,303,262,263,264,302,304,342,343,344
184,184,143,144,145,183,185,223,224,225
224,224,183,184,185,223,225,263,264,265
264,264,223,224,225,263,265,303,304,305
304,304,263,264,265,303,305,343,344,345
185,185,144,145,146,184,186,224,225,226
225,225,184,185,186,224,226,264,265,266
265,265,224,225,226,264,266,304,305,306
305,305,264,265,266,304,306,344,345,346
26,26,25,27,65,66,67
66,66,25,26,27,65,67,105,106,107
106,106,65,66,67,105,107,145,146,147
146,146,105,106,107,145,147,185,186,187
27,27,26,28,66,67,68
67,67,26,27,28,66,68,106,107,108
107,107,66,67,68,106,108,146,147,148
147,147,106,107,108,146,148,186,187,188
28,28,27,29,67,68,69
68,68,27,28,29,67,69,107,108,109
108,108,67,68,69,107,109,147,148,149
148,148,107,108,109,147,149,187,188,189
29,29,28,30,68,69,70
69,69,28,29,30,68,70,108,109,110
109,109,68,69,70,108,110,148,149,150
149,149,108,109,110,148,150,188,189,190
30,30,29,31,69,70,71
70,70,29,30,31,69,71,109,110,111
110,110,69,70,71,109,111,149,150,151
150,150,109,110,111,149,151,189,190,191
186,186,145,146,147,185,187,225,226,227
226,226,185,186,187,225,227,265,266,267
266,266,225,226,227,265,267,305,306,307
306,306,265,266,267,305,307,345,346,347
187,187,146,147,148,186,188,226,227,228
227,227,186,187,188,226,228,266,267,268
267,267,226,227,228,266,268,306,307,308
307,307,266,267,268,306,308,346,347,348
188,188,147,148,149,187,189,227,228,229
228,228,187,188,189,227,229,267,268,269
268,268,227,228,229,267,269,307,308,309
308,308,267,268,269,307,309,347,348,349
189,189,148,149,150,188,190,228,229,230
229,229,188,189,190,228,230,268,269,270
269,269,228,229,230,268,270,308,309,310
309,309,268,269,270,308,310,348,349,350
190,190,149,150,151,189,191,229,230,231
230,230,189,190,191,229,231,269,270,271
270,270,229,230,231,269,271,309,310,311
310,310,269,270,271,309,311,349,350,351
341,341,300,301,302,340,342,380,381,382
381,381,340,341,342,380,382,420,421,422
421,421,380,381,382,420,422,460,461,462
461,461,420,421,422,460,462,500,501,502
342,342,301,302,303,341,343,381,382,383
382,382,341,342,343,381,383,421,422,423
422,422,381,382,383,421,423,461,462,463
462,462,421,422,423,461,463,501,502,503
343,343,302,303,304,342,344,382,383,384
383,383,342,343,344,382,384,422,423,424
423,423,382,383,384,422,424,462,463,464
463,463,422,423,424,462,464,502,503,504
344,344,303,304,305,343,345,383,384,385
384,384,343,344,345,383,385,423,424,425
424,424,383,384,385,423,425,463,464,465
464,464,423,424,425,463,465,503,504,505
345,345,304,305,306,344,346,384,385,386
385,385,344,345,346,384,386,424,425,426
425,425,384,385,386,424,426,464,465,466
465,465,424,425,426,464,466,504,505,506
501,501,460,461,462,500,502,540,541,542
541,541,500,501,502,540,542,580,581,582
581,581,540,541,542,580,582,620,621,622
502,502,461,462,463,501,503,541,542,543
542,542,501,502,503,541,543,581,582,583
582,582,541,542,543,581,583,621,622,623
503,503,462,463,464,502,504,542,543,544
543,543,502,503,504,542,544,582,583,584
583,583,542,543,544,582,584,622,623,624
504,504,463,464,465,503,505,543,544,545
544,544,503,504,505,543,545,583,584,585
584,584,543,544,545,583,585,623,624,625
505,505,464,465,466,504,506,544,545,546
545,545,504,505,506,544,546,584,585,586
585,585,544,545,546,584,586,624,625,626
346,346,305,306,307,345,347,385,386,387
386,386,345,346,347,385,387,425,426,427
426,426,385,386,387,425,427,465,466,467
466,466,425,426,427,465,467,505,506,507
347,347,306,307,308,346,348,386,387,388
387,387,346,347,348,386,388,426,427,428
427,427,386,387,388,426,428,466,467,468
467,467,426,427,428,466,468,506,507,508
348,348,307,308,309,347,349,387,388,389
388,388,347,348,349,387,389,427,428,429
428,428,387,388,389,427,429,467,468,469
468,468,427,428,429,467,469,507,508,509
349,349,308,309,310,348,350,388,389,390
389,389,348,349,350,388,390,428,429,430
429,429,388,389,390,428,430,468,469,470
469,469,428,429,430,468,470,508,509,510
350,350,309,310,311,349,351,389,390,391
390,390,349,350,351,389,391,429,430,431
430,430,389,390,391,429,431,469,470,471
470,470,429,430,431,469,471,509,510,511
506,506,465,466,467,505,507,545,546,547
546,546,505,506,507,545,547,585,586,587
586,586,545,546,547,585,587,625,626,627
507,507,466,467,468,506,508,546,547,548
547,547,506,507,508,546,548,586,587,588
587,587,546,547,548,586,588,626,627,628
508,508,467,468,469,507,509,547,548,549
548,548,507,508,509,547,549,587,588,589
588,588,547,548,549,587,589,627,628,629
509,509,468,469,470,508,510,548,549,550
549,549,508,509,510,548,550,588,589,590
589,589,548,549,550,588,590,628,629,630
510,510,469,470,471,509,511,549,550,551
550,550,509,510,511,549,551,589,590,591
590,590,549,550,551,589,591,629,630,631
31,31,30,32,70,71,72
71,71,30,31,32,70,72,110,111,112
111,111,70,71,72,110,112,150,151,152
151,151,110,111,112,150,152,190,191,192
32,32,31,33,71,72,73
72,72,31,32,33,71,73,111,112,113
112,112,71,72,73,111,113,151,152,153
152,152,111,112,113,151,153,191,192,193
33,33,32,34,72,73,74
73,73,32,33,34,72,74,112,113,114
113,113,72,73,74,112,114,152,153,154
153,153,112,113,114,152,154,192,193,194
34,34,33,35,73,74,75
74,74,33,34,35,73,75,113,114,115
114,114,73,74,75,113,115,153,154,155
154,154,113,114,115,153,155,193,194,195
35,35,34,36,74,75,76
75,75,34,35,36,74,76,114,115,116
115,115,74,75,76,114,116,154,155,156
155,155,114,115,116,154,156,194,195,196
191,191,150,151,152,190,192,230,231,232
231,231,190,191,192,230,232,270,271,272
271,271,230,231,232,270,272,310,311,312
311,311,270,271,272,310,312,350,351,352
192,192,151,152,153,191,193,231,232,233
232,232,191,192,193,231,233,271,272,273
272,272,231,232,233,271,273,311,312,313
312,312,271,272,273,311,313,351,352,353
193,193,152,153,154,192,194,232,233,234
233,233,192,193,194,232,234,272,273,274
273,273,232,233,234,272,274,312,313,314
313,313,272,273,274,312,314,352,353,354
194,194,153,154,155,193,195,233,234,235
234,234,193,194,195,233,235,273,274,275
274,274,233,234,235,273,275,313,314,315
314,314,273,274,275,313,315,353,354,355
195,195,154,155,156,194,196,234,235,236
235,235,194,195,196,234,236,274,275,276
275,275,234,235,236,274,276,314,315,316
315,315,274,275,276,314,316,354,355,356
36,36,35,37,75,76,77
76,76,35,36,37,75,77,115,116,117
116,116,75,76,77,115,117,155,156,157
156,156,115,116,117,155,157,195,196,197
37,37,36,38,76,77,78
77,77,36,37,38,76,78,116,117,118
117,117,76,77,78,116,118,156,157,158
157,157,116,117,118,156,158,196,197,198
38,38,37,39,77,78,79
78,78,37,38,39,77,79,117,118,119
118,118,77,78,79,117,119,157,158,159
158,158,117,118,119,157,159,197,198,199
39,39,38,40,78,79,80
79,79,38,39,40,78,80,118,119,120
119,119,78,79,80,118,120,158,159,160
159,159,118,119,120,158,160,198,199,200
40,40,39,79,80
80,80,39,40,79,119,120
120,120,79,80,119,159,160
160,160,119,120,159,199,200
196,196,155,156,157,195,197,235,236,237
236,236,195,196,197,235,237,275,276,277
276,276,235,236,237,275,277,315,316,317
316,316,275,276,277,315,317,355,356,357
197,197,156,157,158,196,198,236,237,238
237,237,196,197,198,236,238,276,277,278
277,277,236,237,238,276,278,316,317,318
317,317,276,277,278,316,318,356,357,358
198,198,157,158,159,197,199,237,238,239
238,238,197,198,199,237,239,277,278,279
278,278,237,238,239,277,279,317,318,319
318,318,277,278,279,317,319,357,358,359
199,199,158,159,160,198,200,238,239,240
239,239,198,199,200,238,240,278,279,280
279,279,238,239,240,278,280,318,319,320
319,319,278,279,280,318,320,358,359,360
200,200,159,160,199,239,240
240,240,199,200,239,279,280
280,280,239,240,279,319,320
320,320,279,280,319,359,360
351,351,310,311,312,350,352,390,391,392
391,391,350,351,352,390,392,430,431,432
431,431,390,391,392,430,432,470,471,472
471,471,430,431,432,470,472,510,511,512
352,352,311,312,313,351,353,391,392,393
392,392,351,352,353,391,393,431,432,433
432,432,391,392,393,431,433,471,472,473
472,472,431,432,433,471,473,511,512,513
353,353,312,313,314,352,354,392,393,394
393,393,352,353,354,392,394,432,433,434
433,433,392,393,394,432,434,472,473,474
473,473,432,433,434,472,474,512,513,514
354,354,313,314,315,353,355,393,394,395
394,394,353,354,355,393,395,433,434,435
434,434,393,394,395,433,435,473,474,475
474,474,433,434,435,473,475,513,514,515
355,355,314,315,316,354,356,394,395,396
395,395,354,355,356,394,396,434,435,436
435,435,394,395,396,434,436,474,475,476
475,475,434,435,436,474,476,514,515,516
511,511,470,471,472,510,512,550,551,552
551,551,510,511,512,550,552,590,591,592
591,591,550,551,552,590,592,630,631,632
592,592,551,552,553,591,593,631,632,633
512,512,471,472,473,511,513,551,552,553
552,552,511,512,513,551,553,591,592,593
513,513,472,473,474,512,514,552,553,554
553,553,512,513,514,552,554,592,593,594
593,593,552,553,554,592,594,632,633,634
514,514,473,474,475,513,515,553,554,555
554,554,513,514,515,553,555,593,594,595
594,594,553,554,555,593,595,633,634,635
515,515,474,475,476,514,516,554,555,556
555,555,514,515,516,554,556,594,595,596
595,595,554,555,556,594,596,634,635,636
356,356,315,316,317,355,357,395,396,397
396,396,355,356,357,395,397,435,436,437
436,436,395,396,397,435,437,475,476,477
476,476,435,436,437,475,477,515,516,517
357,357,316,317,318,356,358,396,397,398
397,397,356,357,358,396,398,436,437,438
437,437,396,397,398,436,438,476,477,478
477,477,436,437,438,476,478,516,517,518
358,358,317,318,319,357,359,397,398,399
398,398,357,358,359,397,399,437,438,439
438,438,397,398,399,437,439,477,478,479
478,478,437,438,439,477,479,517,518,519
359,359,318,319,320,358,360,398,399,400
399,399,358,359,360,398,400,438,439,440
439,439,398,399,400,438,440,478,479,480
479,479,438,439,440,478,480,518,519,520
360,360,319,320,359,399,400
400,400,359,360,399,439,440
440,440,399,400,439,479,480
480,480,439,440,479,519,520
516,516,475,476,477,515,517,555,556,557
556,556,515,516,517,555,557,595,596,597
596,596,555,556,557,595,597,635,636,637
597,597,556,557,558,596,598,636,637,638
517,517,476,477,478,516,518,556,557,558
557,557,516,517,518,556,558,596,597,598
518,518,477,478,479,517,519,557,558,559
558,558,517,518,519,557,559,597,598,599
598,598,557,558,559,597,599,637,638,639
519,519,478,479,480,518,520,558,559,560
559,559,518,519,520,558,560,598,599,600
599,599,558,559,560,598,600,638,639,640
520,520,479,480,519,559,560
560,560,519,520,559,599,600
600,600,559,560,599,639,640
621,621,580,581,582,620,622,660,661,662
661,661,620,621,622,660,662,700,701,702
701,701,660,661,662,700,702,740,741,742
622,622,581,582,583,621,623,661,662,663
662,662,621,622,623,661,663,701,702,703
702,702,661,662,663,701,703,741,742,743
623,623,582,583,584,622,624,662,663,664
663,663,622,623,624,662,664,702,703,704
703,703,662,663,664,702,704,742,743,744
624,624,583,584,585,623,625,663,664,665
664,664,623,624,625,663,665,703,704,705
704,704,663,664,665,703,705,743,744,745
625,625,584,585,586,624,626,664,665,666
665,665,624,625,626,664,666,704,705,706
705,705,664,665,666,704,706,744,745,746
741,741,700,701,702,740,742,780,781,782
781,781,740,741,742,780,782,820,821,822
821,821,780,781,782,820,822,860,861,862
861,861,820,821,822,860,862,900,901,902
742,742,701,702,703,741,743,781,782,783
782,782,741,742,743,781,783,821,822,823
822,822,781,782,783,821,823,861,862,863
862,862,821,822,823,861,863,901,902,903
743,743,702,703,704,742,744,782,783,784
783,783,742,743,744,782,784,822,823,824
823,823,782,783,784,822,824,862,863,864
863,863,822,823,824,862,864,902,903,904
744,744,703,704,705,743,745,783,784,785
784,784,743,744,745,783,785,823,824,825
824,824,783,784,785,823,825,863,864,865
864,864,823,824,825,863,865,903,904,905
745,745,704,705,706,744,746,784,785,786
785,785,744,745,746,784,786,824,825,826
825,825,784,785,786,824,826,864,865,866
865,865,824,825,826,864,866,904,905,906
626,626,585,586,587,625,627,665,666,667
666,666,625,626,627,665,667,705,706,707
706,706,665,666,667,705,707,745,746,747
627,627,586,587,588,626,628,666,667,668
667,667,626,627,628,666,668,706,707,708
707,707,666,667,668,706,708,746,747,748
628,628,587,588,589,627,629,667,668,669
668,668,627,628,629,667,669,707,708,709
708,708,667,668,669,707,709,747,748,749
629,629,588,589,590,628,630,668,669,670
669,669,628,629,630,668,670,708,709,710
709,709,668,669,670,708,710,748,749,750
630,630,589,590,591,629,631,669,670,671
670,670,629,630,631,669,671,709,710,711
710,710,669,670,671,709,711,749,750,751
746,746,705,706,707,745,747,785,786,787
786,786,745,746,747,785,787,825,826,827
826,826,785,786,787,825,827,865,866,867
866,866,825,826,827,865,867,905,906,907
747,747,706,707,708,746,748,786,787,788
787,787,746,747,748,786,788,826,827,828
827,827,786,787,788,826,828,866,867,868
867,867,826,827,828,866,868,906,907,908
748,748,707,708,709,747,749,787,788,789
788,788,747,748,749,787,789,827,828,829
828,828,787,788,789,827,829,867,868,869
868,868,827,828,829,867,869,907,908,909
749,749,708,709,710,748,750,788,789,790
789,789,748,749,750,788,790,828,829,830
829,829,788,789,790,828,830,868,869,870
869,869,828,829,830,868,870,908,909,910
750,750,709,710,711,749,751,789,790,791
790,790,749,750,751,789,791,829,830,831
830,830,789,790,791,829,831,869,870,871
870,870,829,830,831,869,871,909,910,911
901,901,860,861,862,900,902,940,941,942
941,941,900,901,902,940,942,980,981,982
981,981,940,941,942,980,982,1020,1021,1022
1021,1021,980,981,982,1020,1022,1060,1061,1062
902,902,861,862,863,901,903,941,942,943
942,942,901,902,903,941,943,981,982,983
982,982,941,942,943,981,983,1021,1022,1023
1022,1022,981,982,983,1021,1023,1061,1062,1063
903,903,862,863,864,902,904,942,943,944
943,943,902,903,904,942,944,982,983,984
983,983,942,943,944,982,984,1022,1023,1024
1023,1023,982,983,984,1022,1024,1062,1063,1064
904,904,863,864,865,903,905,943,944,945
944,944,903,904,905,943,945,983,984,985
984,984,943,944,945,983,985,1023,1024,1025
1024,1024,983,984,985,1023,1025,1063,1064,1065
905,905,864,865,866,904,906,944,945,946
945,945,904,905,906,944,946,984,985,986
985,985,944,945,946,984,986,1024,1025,1026
1025,1025,984,985,986,1024,1026,1064,1065,1066
1061,1061,1020,1021,1022,1060,1062,1100,1101,1102
1101,1101,1060,1061,1062,1100,1102,1140,1141,1142
1141,1141,1100,1101,1102,1140,1142,1180,1181,1182
1181,1181,1140,1141,1142,1180,1182
1062,1062,1021,1022,1023,1061,1063,1101,1102,1103
1102,1102,1061,1062,1063,1101,1103,1141,1142,1143
1142,1142,1101,1102,1103,1141,1143,1181,1182,1183
1182,1182,1141,1142,1143,1181,1183
1063,1063,1022,1023,1024,1062,1064,1102,1103,1104
1103,1103,1062,1063,1064,1102,1104,1142,1143,1144
1143,1143,1102,1103,1104,1142,1144,1182,1183,1184
1183,1183,1142,1143,1144,1182,1184
1064,1064,1023,1024,1025,1063,1065,1103,1104,1105
1104,1104,1063,1064,1065,1103,1105,1143,1144,1145
1144,1144,1103,1104,1105,1143,1145,1183,1184,1185
1184,1184,1143,1144,1145,1183,1185
1065,1065,1024,1025,1026,1064,1066,1104,1105,1106
1105,1105,1064,1065,1066,1104,1106,1144,1145,1146
1145,1145,1104,1105,1106,1144,1146,1184,1185,1186
1185,1185,1144,1145,1146,1184,1186
906,906,865,866,867,905,907,945,946,947
946,946,905,906,907,945,947,985,986,987
986,986,945,946,947,985,987,1025,1026,1027
1026,1026,985,986,987,1025,1027,1065,1066,1067
907,907,866,867,868,906,908,946,947,948
947,947,906,907,908,946,948,986,987,988
987,987,946,947,948,986,988,1026,1027,1028
1027,1027,986,987,988,1026,1028,1066,1067,1068
908,908,867,868,869,907,909,947,948,949
948,948,907,908,909,947,949,987,988,989
988,988,947,948,949,987,989,1027,1028,1029
1028,1028,987,988,989,1027,1029,1067,1068,1069
909,909,868,869,870,908,910,948,949,950
949,949,908,909,910,948,950,988,989,990
989,989,948,949,950,988,990,1028,1029,1030
1029,1029,988,989,990,1028,1030,1068,1069,1070
910,910,869,870,871,909,911,949,950,951
950,950,909,910,911,949,951,989,990,991
990,990,949,950,951,989,991,1029,1030,1031
1030,1030,989,990,991,1029,1031,1069,1070,1071
1066,1066,1025,1026,1027,1065,1067,1105,1106,1107
1106,1106,1065,1066,1067,1105,1107,1145,1146,1147
1146,1146,1105,1106,1107,1145,1147,1185,1186,1187
1186,1186,1145,1146,1147,1185,1187
1067,1067,1026,1027,1028,1066,1068,1106,1107,1108
1107,1107,1066,1067,1068,1106,1108,1146,1147,1148
1147,1147,1106,1107,1108,1146,1148,1186,1187,1188
1187,1187,1146,1147,1148,1186,1188
1068,1068,1027,1028,1029,1067,1069,1107,1108,1109
1108,1108,1067,1068,1069,1107,1109,1147,1148,1149
1148,1148,1107,1108,1109,1147,1149,1187,1188,1189
1188,1188,1147,1148,1149,1187,1189
1069,1069,1028,1029,1030,1068,1070,1108,1109,1110
1109,1109,1068,1069,1070,1108,1110,1148,1149,1150
1149,1149,1108,1109,1110,1148,1150,1188,1189,1190
1189,1189,1148,1149,1150,1188,1190
1070,1070,1029,1030,1031,1069,1071,1109,1110,1111
1110,1110,1069,1070,1071,1109,1111,1149,1150,1151
1150,1150,1109,1110,1111,1149,1151,1189,1190,1191
1190,1190,1149,1150,1151,1189,1191
631,631,590,591,592,630,632,670,671,672
671,671,630,631,632,670,672,710,711,712
711,711,670,671,672,710,712,750,751,752
632,632,591,592,593,631,633,671,672,673
672,672,631,632,633,671,673,711,712,713
712,712,671,672,673,711,713,751,752,753
633,633,592,593,594,632,634,672,673,674
673,673,632,633,634,672,674,712,713,714
713,713,672,673,674,712,714,752,753,754
634,634,593,594,595,633,635,673,674,675
674,674,633,634,635,673,675,713,714,715
714,714,673,674,675,713,715,753,754,755
635,635,594,595,596,634,636,674,675,676
675,675,634,635,636,674,676,714,715,716
715,715,674,675,676,714,716,754,755,756
751,751,710,711,712,750,752,790,791,792
791,791,750,751,752,790,792,830,831,832
831,831,790,791,792,830,832,870,871,872
871,871,830,831,832,870,872,910,911,912
752,752,711,712,713,751,753,791,792,793
792,792,751,752,753,791,793,831,832,833
832,832,791,792,793,831,833,871,872,873
872,872,831,832,833,871,873,911,912,913
753,753,712,713,714,752,754,792,793,794
793,793,752,753,754,792,794,832,833,834
833,833,792,793,794,832,834,872,873,874
873,873,832,833,834,872,874,912,913,914
754,754,713,714,715,753,755,793,794,795
794,794,753,754,755,793,795,833,834,835
834,834,793,794,795,833,835,873,874,875
874,874,833,834,835,873,875,913,914,915
755,755,714,715,716,754,756,794,795,796
795,795,754,755,756,794,796,834,835,836
835,835,794,795,796,834,836,874,875,876
875,875,834,835,836,874,876,914,915,916
636,636,595,596,597,635,637,675,676,677
676,676,635,636,637,675,677,715,716,717
716,716,675,676,677,715,717,755,756,757
637,637,596,597,598,636,638,676,677,678
677,677,636,637,638,676,678,716,717,718
717,717,676,677,678,716,718,756,757,758
638,638,597,598,599,637,639,677,678,679
678,678,637,638,639,677,679,717,718,719
718,718,677,678,679,717,719,757,758,759
639,639,598,599,600,638,640,678,679,680
679,679,638,639,640,678,680,718,719,720
719,719,678,679,680,718,720,758,759,760
640,640,599,600,639,679,680
680,680,639,640,679,719,720
720,720,679,680,719,759,760
756,756,715,716,717,755,757,795,796,797
796,796,755,756,757,795,797,835,836,837
836,836,795,796,797,835,837,875,876,877
876,876,835,836,837,875,877,915,916,917
757,757,716,717,718,756,758,796,797,798
797,797,756,757,758,796,798,836,837,838
837,837,796,797,798,836,838,876,877,878
877,877,836,837,838,876,878,916,917,918
758,758,717,718,719,757,759,797,798,799
798,798,757,758,759,797,799,837,838,839
838,838,797,798,799,837,839,877,878,879
878,878,837,838,839,877,879,917,918,919
759,759,718,719,720,758,760,798,799,800
799,799,758,759,760,798,800,838,839,840
839,839,798,799,800,838,840,878,879,880
879,879,838,839,840,878,880,918,919,920
760,760,719,720,759,799,800
800,800,759,760,799,839,840
840,840,799,800,839,879,880
880,880,839,840,879,919,920
911,911,870,871,872,910,912,950,951,952
951,951,910,911,912,950,952,990,991,992
991,991,950,951,952,990,992,1030,1031,1032
1031,1031,990,991,992,1030,1032,1070,1071,1072
952,952,911,912,913,951,953,991,992,993
992,992,951,952,953,991,993,1031,1032,1033
1032,1032,991,992,993,1031,1033,1071,1072,1073
912,912,871,872,873,911,913,951,952,953
913,913,872,873,874,912,914,952,953,954
953,953,912,913,914,952,954,992,993,994
993,993,952,953,954,992,994,1032,1033,1034
1033,1033,992,993,994,1032,1034,1072,1073,1074
914,914,873,874,875,913,915,953,954,955
954,954,913,914,915,953,955,993,994,995
994,994,953,954,955,993,995,1033,1034,1035
1034,1034,993,994,995,1033,1035,1073,1074,1075
915,915,874,875,876,914,916,954,955,956
955,955,914,915,916,954,956,994,995,996
995,995,954,955,956,994,996,1034,1035,1036
1035,1035,994,995,996,1034,1036,1074,1075,1076
1071,1071,1030,1031,1032,1070,1072,1110,1111,1112
1111,1111,1070,1071,1072,1110,1112,1150,1151,1152
1151,1151,1110,1111,1112,1150,1152,1190,1191,1192
1191,1191,1150,1151,1152,1190,1192
1112,1112,1071,1072,1073,1111,1113,1151,1152,1153
1152,1152,1111,1112,1113,1151,1153,1191,1192,1193
1192,1192,1151,1152,1153,1191,1193
1072,1072,1031,1032,1033,1071,1073,1111,1112,1113
1073,1073,1032,1033,1034,1072,1074,1112,1113,1114
1113,1113,1072,1073,1074,1112,1114,1152,1153,1154
1153,1153,1112,1113,1114,1152,1154,1192,1193,1194
1193,1193,1152,1153,1154,1192,1194
1074,1074,1033,1034,1035,1073,1075,1113,1114,1115
1114,1114,1073,1074,1075,1113,1115,1153,1154,1155
1154,1154,1113,1114,1115,1153,1155,1193,1194,1195
1194,1194,1153,1154,1155,1193,1195
1075,1075,1034,1035,1036,1074,1076,1114,1115,1116
1115,1115,1074,1075,1076,1114,1116,1154,1155,1156
1155,1155,1114,1115,1116,1154,1156,1194,1195,1196
1195,1195,1154,1155,1156,1194,1196
916,916,875,876,877,915,917,955,956,957
956,956,915,916,917,955,957,995,996,997
996,996,955,956,957,995,997,1035,1036,1037
1036,1036,995,996,997,1035,1037,1075,1076,1077
957,957,916,917,918,956,958,996,997,998
997,997,956,957,958,996,998,1036,1037,1038
1037,1037,996,997,998,1036,1038,1076,1077,1078
917,917,876,877,878,916,918,956,957,958
918,918,877,878,879,917,919,957,958,959
958,958,917,918,919,957,959,997,998,999
998,998,957,958,959,997,999,1037,1038,1039
1038,1038,997,998,999,1037,1039,1077,1078,1079
919,919,878,879,880,918,920,958,959,960
959,959,918,919,920,958,960,998,999,1000
999,999,958,959,960,998,1000,1038,1039,1040
1039,1039,998,999,1000,1038,1040,1078,1079,1080
920,920,879,880,919,959,960
960,960,919,920,959,999,1000
1000,1000,959,960,999,1039,1040
1040,1040,999,1000,1039,1079,1080
1076,1076,1035,1036,1037,1075,1077,1115,1116,1117
1116,1116,1075,1076,1077,1115,1117,1155,1156,1157
1156,1156,1115,1116,1117,1155,1157,1195,1196,1197
1196,1196,1155,1156,1157,1195,1197
1117,1117,1076,1077,1078,1116,1118,1156,1157,1158
1157,1157,1116,1117,1118,1156,1158,1196,1197,1198
1197,1197,1156,1157,1158,1196,1198
1077,1077,1036,1037,1038,1076,1078,1116,1117,1118
1078,1078,1037,1038,1039,1077,1079,1117,1118,1119
1118,1118,1077,1078,1079,1117,1119,1157,1158,1159
1158,1158,1117,1118,1119,1157,1159,1197,1198,1199
1198,1198,1157,1158,1159,1197,1199
1079,1079,1038,1039,1040,1078,1080,1118,1119,1120
1119,1119,1078,1079,1080,1118,1120,1158,1159,1160
1159,1159,1118,1119,1120,1158,1160,1198,1199,1200
1199,1199,1158,1159,1160,1198,1200
1080,1080,1039,1040,1079,1119,1120
1120,1120,1079,1080,1119,1159,1160
1160,1160,1119,1120,1159,1199,1200
1200,1200,1159,1160,1199
